{
    "accuracy": 0.89,
    "precision": 0.15625,
    "recall": 0.15151515151515152,
    "f1_score": 0.15384615384615385,
    "confusion_matrix": [
        [
            440,
            27
        ],
        [
            28,
            5
        ]
    ],
    "roc_auc": 0.6280578807345403,
    "roc_curve": {
        "fpr": [
            0.0,
            0.0021413276231263384,
            0.01284796573875803,
            0.01284796573875803,
            0.019271948608137045,
            0.019271948608137045,
            0.034261241970021415,
            0.034261241970021415,
            0.04925053533190578,
            0.04925053533190578,
            0.057815845824411134,
            0.06209850107066381,
            0.11134903640256959,
            0.11134903640256959,
            0.12205567451820129,
            0.12205567451820129,
            0.12419700214132762,
            0.12419700214132762,
            0.14989293361884368,
            0.14989293361884368,
            0.1777301927194861,
            0.1777301927194861,
            0.19700214132762311,
            0.19700214132762311,
            0.19914346895074947,
            0.21841541755888652,
            0.2505353319057816,
            0.2505353319057816,
            0.26552462526766596,
            0.26552462526766596,
            0.278372591006424,
            0.278372591006424,
            0.284796573875803,
            0.284796573875803,
            0.36616702355460384,
            0.36616702355460384,
            0.37259100642398285,
            0.37259100642398285,
            0.4261241970021413,
            0.4261241970021413,
            0.4582441113490364,
            0.4625267665952891,
            0.5032119914346895,
            0.5032119914346895,
            0.5096359743040685,
            0.5096359743040685,
            0.5246252676659529,
            0.5289079229122056,
            0.5438972162740899,
            0.5438972162740899,
            0.5653104925053534,
            0.5653104925053534,
            0.6659528907922913,
            0.6659528907922913,
            0.7451820128479657,
            0.7451820128479657,
            0.7815845824411135,
            0.7815845824411135,
            0.8886509635974305,
            0.8886509635974305,
            0.9721627408993576,
            0.9721627408993576,
            0.9892933618843683,
            0.9892933618843683,
            1.0
        ],
        "tpr": [
            0.0,
            0.0,
            0.0,
            0.030303030303030304,
            0.030303030303030304,
            0.06060606060606061,
            0.06060606060606061,
            0.09090909090909091,
            0.09090909090909091,
            0.15151515151515152,
            0.15151515151515152,
            0.15151515151515152,
            0.15151515151515152,
            0.18181818181818182,
            0.18181818181818182,
            0.21212121212121213,
            0.21212121212121213,
            0.24242424242424243,
            0.24242424242424243,
            0.2727272727272727,
            0.2727272727272727,
            0.30303030303030304,
            0.30303030303030304,
            0.3333333333333333,
            0.3333333333333333,
            0.3333333333333333,
            0.3333333333333333,
            0.36363636363636365,
            0.36363636363636365,
            0.3939393939393939,
            0.3939393939393939,
            0.45454545454545453,
            0.45454545454545453,
            0.5454545454545454,
            0.5454545454545454,
            0.5757575757575758,
            0.5757575757575758,
            0.6060606060606061,
            0.6060606060606061,
            0.6666666666666666,
            0.6666666666666666,
            0.6666666666666666,
            0.6666666666666666,
            0.696969696969697,
            0.696969696969697,
            0.7272727272727273,
            0.7272727272727273,
            0.7272727272727273,
            0.7272727272727273,
            0.7878787878787878,
            0.7878787878787878,
            0.8181818181818182,
            0.8181818181818182,
            0.8484848484848485,
            0.8484848484848485,
            0.8787878787878788,
            0.8787878787878788,
            0.9090909090909091,
            0.9090909090909091,
            0.9393939393939394,
            0.9393939393939394,
            0.9696969696969697,
            0.9696969696969697,
            1.0,
            1.0
        ],
        "thresholds": [
            Infinity,
            0.9988332390785217,
            0.9886279702186584,
            0.9856607913970947,
            0.9803491234779358,
            0.978753924369812,
            0.9430907964706421,
            0.9395056366920471,
            0.6661493182182312,
            0.6492962837219238,
            0.5142576098442078,
            0.41676849126815796,
            0.0792790874838829,
            0.07228492200374603,
            0.06414879858493805,
            0.06324730068445206,
            0.06181470677256584,
            0.05960405245423317,
            0.0425049364566803,
            0.0417344756424427,
            0.03411554545164108,
            0.03256779909133911,
            0.02979985997080803,
            0.02947063557803631,
            0.02935570478439331,
            0.02796417847275734,
            0.02118477039039135,
            0.021044287830591202,
            0.017672255635261536,
            0.01764313317835331,
            0.01645876094698906,
            0.016336021944880486,
            0.015966851264238358,
            0.015482766553759575,
            0.010724898427724838,
            0.010687514208257198,
            0.010228664614260197,
            0.01017875224351883,
            0.006509990897029638,
            0.006411232054233551,
            0.005457548424601555,
            0.005351242143660784,
            0.004666236694902182,
            0.004664191044867039,
            0.0045821694657206535,
            0.004532459657639265,
            0.004241146147251129,
            0.004238581284880638,
            0.0039824084378778934,
            0.003978258930146694,
            0.0036417313385754824,
            0.0035986192524433136,
            0.002321965992450714,
            0.0023133810609579086,
            0.0016562356613576412,
            0.0016399526502937078,
            0.0013073680456727743,
            0.001303787576034665,
            0.000552443671040237,
            0.000539210217539221,
            0.0001815312571125105,
            0.00016538871568627656,
            9.388930629938841e-05,
            8.766536484472454e-05,
            6.183076038723812e-05
        ]
    }
}