{
    "accuracy": 0.902,
    "precision": 0.19230769230769232,
    "recall": 0.15151515151515152,
    "f1_score": 0.1694915254237288,
    "confusion_matrix": [
        [
            446,
            21
        ],
        [
            28,
            5
        ]
    ],
    "roc_auc": 0.8604892609175263,
    "roc_curve": {
        "fpr": [
            0.0,
            0.0021413276231263384,
            0.021413276231263382,
            0.021413276231263382,
            0.02569593147751606,
            0.02569593147751606,
            0.044967880085653104,
            0.044967880085653104,
            0.05139186295503212,
            0.05139186295503212,
            0.059957173447537475,
            0.059957173447537475,
            0.06852248394004283,
            0.06852248394004283,
            0.07066381156316917,
            0.07066381156316917,
            0.0728051391862955,
            0.0728051391862955,
            0.07708779443254818,
            0.07708779443254818,
            0.08137044967880086,
            0.08137044967880086,
            0.08993576017130621,
            0.08993576017130621,
            0.09421841541755889,
            0.09421841541755889,
            0.09850107066381156,
            0.09850107066381156,
            0.10492505353319058,
            0.10492505353319058,
            0.11563169164882227,
            0.11563169164882227,
            0.11777301927194861,
            0.11777301927194861,
            0.11991434689507495,
            0.11991434689507495,
            0.12205567451820129,
            0.12205567451820129,
            0.14775160599571735,
            0.14775160599571735,
            0.15631691648822268,
            0.15631691648822268,
            0.16274089935760172,
            0.1670235546038544,
            0.17130620985010706,
            0.17130620985010706,
            0.1734475374732334,
            0.1734475374732334,
            0.1948608137044968,
            0.19914346895074947,
            0.2012847965738758,
            0.20556745182012848,
            0.22269807280513917,
            0.22269807280513917,
            0.24411134903640258,
            0.24411134903640258,
            0.31049250535331907,
            0.31049250535331907,
            0.31263383297644537,
            0.33190578158458245,
            0.5331905781584583,
            0.5331905781584583,
            0.7408993576017131,
            0.7408993576017131,
            1.0
        ],
        "tpr": [
            0.0,
            0.0,
            0.0,
            0.06060606060606061,
            0.06060606060606061,
            0.09090909090909091,
            0.09090909090909091,
            0.15151515151515152,
            0.15151515151515152,
            0.18181818181818182,
            0.18181818181818182,
            0.21212121212121213,
            0.21212121212121213,
            0.24242424242424243,
            0.24242424242424243,
            0.2727272727272727,
            0.2727272727272727,
            0.30303030303030304,
            0.30303030303030304,
            0.3333333333333333,
            0.3333333333333333,
            0.36363636363636365,
            0.36363636363636365,
            0.42424242424242425,
            0.42424242424242425,
            0.5151515151515151,
            0.5151515151515151,
            0.5454545454545454,
            0.5454545454545454,
            0.5757575757575758,
            0.5757575757575758,
            0.6060606060606061,
            0.6060606060606061,
            0.6363636363636364,
            0.6363636363636364,
            0.6666666666666666,
            0.6666666666666666,
            0.7272727272727273,
            0.7272727272727273,
            0.7575757575757576,
            0.7575757575757576,
            0.7878787878787878,
            0.7878787878787878,
            0.7878787878787878,
            0.7878787878787878,
            0.8181818181818182,
            0.8181818181818182,
            0.8484848484848485,
            0.8484848484848485,
            0.8484848484848485,
            0.8484848484848485,
            0.8484848484848485,
            0.8484848484848485,
            0.8787878787878788,
            0.8787878787878788,
            0.9090909090909091,
            0.9090909090909091,
            0.9393939393939394,
            0.9393939393939394,
            0.9393939393939394,
            0.9393939393939394,
            0.9696969696969697,
            0.9696969696969697,
            1.0,
            1.0
        ],
        "thresholds": [
            Infinity,
            0.9977815747261047,
            0.9032703042030334,
            0.8158825039863586,
            0.7779325246810913,
            0.7556799650192261,
            0.5751747488975525,
            0.5047979354858398,
            0.4224355220794678,
            0.40834733843803406,
            0.35240548849105835,
            0.31482431292533875,
            0.2768721282482147,
            0.2750445008277893,
            0.27002033591270447,
            0.2565752863883972,
            0.2538207173347473,
            0.24422527849674225,
            0.22745895385742188,
            0.21760621666908264,
            0.21338984370231628,
            0.21200497448444366,
            0.18008089065551758,
            0.17463381588459015,
            0.16027577221393585,
            0.1477886438369751,
            0.13908691704273224,
            0.13070173561573029,
            0.1263578087091446,
            0.12630285322666168,
            0.11349169909954071,
            0.11234747618436813,
            0.11133597791194916,
            0.11003383249044418,
            0.10903195291757584,
            0.10894636809825897,
            0.10853472352027893,
            0.1011214554309845,
            0.07095803320407867,
            0.07059048861265182,
            0.05915699154138565,
            0.05824137479066849,
            0.05594329163432121,
            0.05550365522503853,
            0.04957980662584305,
            0.048541221767663956,
            0.04686250537633896,
            0.04610546678304672,
            0.03213009983301163,
            0.030725589022040367,
            0.030437283217906952,
            0.030381981283426285,
            0.023690365254878998,
            0.0232793428003788,
            0.021038692444562912,
            0.020962489768862724,
            0.012720372527837753,
            0.012483013793826103,
            0.012315516360104084,
            0.01220105029642582,
            0.00434562424197793,
            0.004341174382716417,
            0.0019471129635348916,
            0.001946586649864912,
            0.00014242574980016798
        ]
    }
}